grant all privileges on projetofinal.* to 'root'@'localhost' with grant option;

INSERT INTO Estado (Codigo, Nome, Eleitores, Area, Populacao)
VALUES
    (68,	"Acre",                     10, 10, 10),
    (82,	"Alagoas",                  10, 10, 10),
    (96,	"Amapa",                    10, 10, 10),
    (92,	"Amazonas",                 10, 10, 10),
    (71,	"Bahia",                    10, 10, 10),
    (85,	"Ceara",                    10, 10, 10),
    (61,	"Distrito Federal/Goias",   10, 10, 10),
    (27,	"Espirito Santo",           10, 10, 10),
    (62,	"Goias",                    10, 10, 10),
    (98,	"Maranhao",                 10, 10, 10),
    (65,	"Mato Grosso",              10, 10, 10),
    (67,	"Mato Grosso do Sul",       10, 10, 10),
    (31,	"Minas Gerais",             10, 10, 10),
    (91,	"Para",                     10, 10, 10),
    (83,	"Paraiba",                  10, 10, 10),
    (41,	"Parana",                   10, 10, 10),
    (81,	"Pernambuco",               10, 10, 10),
    (86,	"Piaui",                    10, 10, 10),
    (21,	"Rio de Janeiro",           10, 10, 10),
    (84,	"Rio Grande do Norte",      10, 10, 10),
    (51,	"Rio Grande do Sul",        10, 10, 10),
    (69,	"Rondonia",                 10, 10, 10),
    (95,	"Roraima",                  10, 10, 10),
    (48,	"Santa Catarina",           10, 10, 10),
    (79,	"Sergipe",                  10, 10, 10),
    (11,	"Sao Paulo",                10, 10, 10),
    (63,	"Tocantins",                10, 10, 10);
    

INSERT INTO Municipio (Codigo, Nome, Eleitores, Area, Populacao, Estado_Codigo)
VALUES
  (68, "Rio Branco",       10, 10, 10, 68),
  (82, "Maceio",           10, 10, 10, 82),
  (96, "Macapa",           10, 10, 10, 96),
  (92, "Manaus",           10, 10, 10, 92),
  (71, "Salvador",         10, 10, 10, 71),
  (85, "Fortaleza",        10, 10, 10, 85),
  (61, "Brasilia",         10, 10, 10, 61),
  (27, "Vitoria",          10, 10, 10, 27),
  (62, "Goiania",          10, 10, 10, 62),
  (98, "Sao Luis",         10, 10, 10, 98),
  (65, "Cuiaba",           10, 10, 10, 65),
  (67, "Campo Grande",     10, 10, 10, 67),
  (31, "Belo Horizonte",   10, 10, 10, 31),
  (91, "Belem",            10, 10, 10, 91),
  (83, "Joao Pessoa",      10, 10, 10, 83),
  (41, "Curitiba",         10, 10, 10, 41),
  (81, "Recife",           10, 10, 10, 81),
  (86, "Teresina",         10, 10, 10, 86),
  (21, "Rio de Janeiro",   10, 10, 10, 21),
  (84, "Natal",            10, 10, 10, 84),
  (51, "Porto Alegre",     10, 10, 10, 51),
  (69, "Porto Velho",      10, 10, 10, 69),
  (95, "Boa Vista",        10, 10, 10, 95),
  (48, "Florianopolis",    10, 10, 10, 48),
  (11, "Sao Paulo",        10, 10, 10, 11),
  (79, "Aracaju",          10, 10, 10, 79),
  (63, "Palmas",           10, 10, 10, 63);

INSERT INTO Partido (Sigla, Filiados, Nome, Posicao, Logo)
VALUES
    ("MDB",   2400703,  "Movimento Democratico Brasileiro",               "centro",                                   "/logo/mdb.png"),
    ("PT", 	  1582646,  "Partido dos Trabalhadores",                      "centro-esquerda a esquerda",               "/logo/pt.png"),
    ("PSDB",  1450586,  "Partido da Social Democracia Brasileira",        "centro, centro-esquerda e centro-direita", "/logo/psdb.png"),
    ("PP",    1437953,  "Partido Progressista",                           "direita",                                  "/logo/pp.png"),
    ("PDT",   1253890,  "Partido Democratico Trabalhista",                "centro-esquerda a esquerda",               "/logo/pdt.png"),
    ("PTB",   1193404,  "Partido Trabalhista Brasileiro",                 "centro",                                   "/logo/ptb.png"),
    ("DEM",	  1094797,  "Democratas",	                                    "centro a direita",                         "/logo/dem.png"),
    ("PR",	  798474,   "Partido da República",	                          "centro-direita",                           "/logo/pr.jpg"),
    ("PSB",	  649732,   "Partido Socialista Brasileiro",	                "centro-esquerda a esquerda",               "/logo/psb.png"),
    ("PPS",	  481457,   "Partido Popular Socialista",	                    "centro-esquerda",                          "/logo/pps.png"),
    ("PSC",	  422076,   "Partido Social Cristao",	                        "centro-direita a direita",                 "/logo/psc.png"),
    ("PCdoB",	393388,   "Partido Comunista do Brasil",	                  "esquerda a extrema-esquerda",              "/logo/pcdob.png"),
    ("PRB",	  392990,   "Partido Republicano Brasileiro",	                "centro a direita",                         "/logo/pbr.png"),
    ("PV",	  376965,   "Partido Verde",	                                "centro",                                   "/logo/pv.png"),
    ("PSD",	  321661,   "Partido Social Democratico",	                    "centro a esquerda",                        "/logo/psd.png"),
    ("PRP",	  249723,   "Partido Republicano Progressista",	              "centro-direita",                           "/logo/prp.png"),
    ("PSL",	  228171,   "Partido Social Liberal",	                        "direita a extrema-direita",                "/logo/psl.png"),
    ("PMN",	  222457,   "Partido da Mobilizaçao Nacional",	              "centro-esquerda"	,                         "/logo/pmn.png"),
    ("PHS",	  210380,   "Partido Humanista da Solidariedade",	            "centro-direita",                           "/logo/phs.png"),
    ("PTC",	  197902,   "Partido Trabalhista Cristao",	                  "centro-direita"	,                         "/logo/ptc.png"),
    ("SD",	  187604,   "Solidariedade",	                                "centro-esquerda",                          "/logo/sd.png"),
    ("AVANT",	185128,   "Avante",	                                        "centro",                                   "/logo/avant.png"),
    ("DC",	  186036,   "Democracia Crista",	                            "centro-direita a direita",                 "/logo/dc.png"),
    ("PODE",	161577,   "Podemos",	                                      "centro-direita",                           "/logo/pode.png"),
    ("PSOL",	146215,   "Partido Socialismo e Liberdade",	                "esquerda a extrema-esquerda",              "/logo/psol.png"),
    ("PRTB",	136124,   "Partido Renovador Trabalhista Brasileiro",	      "direita",                                  "/logo/prtb.jpg"),
    ("PROS",	92385,   	"Partido Republicano da Ordem Social",	          "centro-direita",                           "/logo/pros.jpg"),
    ("PATRI",	72645,   	"Patriota",	                                      "direita para extrema direita",             "/logo/pat.png"),
    ("PPL",	  39344,   	"Partido Patria Livre",	                          "centro-esquerda",                          "/logo/ppl.jpg"),
    ("PMB",	  38417,   	"Partido da Mulher Brasileira",    	              "centro-esquerda",                          "/logo/pmb.png"),
    ("REDE",	19061,   	"Rede Sustentabilidade",   	                      "centro-esquerda",                          "/logo/rede.png"),
    ("PSTU",	17325,   	"Partido Socialista dos TrabalhadoresUnificado",  "extrema-esquerda",                         "/logo/pstu.gif"),
    ("PCB",	  14793,   	"Partido Comunista Brasileiro",	                  "extrema-esquerda",                         "/logo/pcb.png"),
    ("NOVO",	9650,   	"Partido Novo",    	                              "direita",                                  "/logo/novo.png"),
    ("PCO",	  2930,   	"Partido da Causa Operaria",	                    "extrema-esquerda",                         "/logo/pco.jpg");

INSERT INTO Vereador (Nome, LocalNasc, Sexo, Escolaridade, CPF, Municipio_Codigo, Partido_Sigla)
VALUES
    ("Adelson Barreto",	 "Rio Branco", 'M', "Superior Completo", 0368686868, 79, "PTB"),
    ("Laercio Oliveira", "Maceio",     'M', "Superior Completo", 0382828282, 79, "SD"),
    ("Fabio Mitidieri",	 "Macapa",     'M', "Superior Completo", 0396969696, 79, "PSD"),
    ("Fabio Reis",	     "Manaus",     'M', "Superior Completo", 0392929292, 79, "MDB"),
    ("Valadares Filho",	 "Salvador",   'M', "Superior Completo", 0371717171, 79, "PSB"),
    ("Pastor Jony",	     "Fortaleza",  'M', "Superior Completo", 0385858585, 79, "PRB"),
    ("Joao Daniel",	     "Brasilia",   'M', "Superior Completo", 0361616161, 79, "PT"),
    ("Andre Moura",	     "Vitoria",    'M', "Superior Completo", 0327272727, 79, "PSC");

INSERT INTO Senador(Nome, LocalNasc, Sexo, Escolaridade, CPF, Estado_Codigo, Partido_Sigla)
VALUES
    ("Gladson Cameli",             "Rio Branco",      'M', "Superior Completo", 0468686868, 68, "PP"),
    ("Jorge Viana",                "Maceio",          'M', "Superior Completo", 0482828282, 82, "PT"),
    ("Sergio Petecao",             "Macapa",          'M', "Superior Completo", 0496969696, 96, "PSD"),
    ("Benedito de Lir",            "Manaus",          'M', "Superior Completo", 0492929292, 92, "PP"),
    ("Fernando Collor",            "Salvador",        'M', "Superior Completo", 0471717171, 71, "PTC"),
    ("Renan Calheiros",            "Fortaleza",       'M', "Superior Completo", 0485858585, 85, "MDB"),
    ("Davi Alcolumbre",            "Brasilia",        'M', "Superior Completo", 0461616161, 61, "DEM"),
    ("Joao Capiberibe",            "Vitoria",         'M', "Superior Completo", 0427272727, 27, "PSB"),
    ("Randolfe Rodrigues",         "Goiania",         'M', "Superior Completo", 0462626262, 62, "REDE"),
    ("Eduardo Braga",              "Sao Luis",        'M', "Superior Completo", 0498989898, 98, "MDB"),
    ("Omar Aziz",                  "Cuiaba",          'M', "Superior Completo", 0465656565, 65, "PSD"),
    ("Vanessa Grazziotin",         "Campo Grande",    'M', "Superior Completo", 0467676767, 67, "PCdoB"),
    ("Lídice da Mata",             "Belo Horizonte",  'F', "Superior Completo", 0431313131, 31, "PSB"),
    ("Otto Alencar",               "Belem",           'M', "Superior Completo", 0491919191, 91, "PSD"),
    ("Roberto Muniz",              "Joao Pessoa",     'M', "Superior Completo", 0483838383, 83, "PP"),
    ("Eunício Oliveira",           "Curitiba",        'M', "Superior Completo", 0441414141, 41, "MDB"),
    ("Jose Pimentel",              "Recife",          'M', "Superior Completo", 0481818181, 81, "PT"),
    ("Tasso Jereissati",           "Teresina",        'M', "Superior Completo", 0486868686, 86, "PSDB"),
    ("Cristovam Buarque",          "Rio de Janeiro",  'M', "Superior Completo", 0421212121, 21, "PPS"),
    ("Helio Jose",                 "Natal",           'M', "Superior Completo", 0484848484, 84, "PROS"),
    ("Magno Malta",                "Porto Alegre",    'M', "Superior Completo", 0451515151, 51, "PR"),
    ("Sergio de Castro",           "Porto Velho",     'M', "Superior Completo", 0469696969, 69, "PDT"),
    ("Rose de Freitas",            "Boa Vista",       'M', "Superior Completo", 0495959595, 95, "PODE"),
    ("Lúcia Vânia",                "Florianopolis",   'F', "Superior Completo", 0448484848, 48, "PSB"),
    ("Ronaldo Caiado",             "Sao Paulo",       'M', "Superior Completo", 0479797979, 79, "DEM"),
    ("Wilder Morais",              "Rio Branco",      'M', "Superior Completo", 0468686869, 68, "DEM"),
    ("Pastor Bel",                 "Maceio",          'M', "Superior Completo", 0482828283, 82, "PRTB"),
    ("Joao Alberto Souza",         "Macapa",          'M', "Superior Completo", 0496969697, 96, "MDB"),
    ("Roberto Rocha",              "Manaus",          'M', "Superior Completo", 0492929293, 92, "PSDB"),
    ("Cidinho Santos",             "Salvador",        'M', "Superior Completo", 0471717172, 71, "PR"),
    ("Jose Medeiros",              "Fortaleza",       'M', "Superior Completo", 0485858586, 85, "PODE"),
    ("Wellington Fagundes",        "Brasilia",        'M', "Superior Completo", 0461616162, 61, "PR"),
    ("Pedro Chaves",               "Vitoria",         'M', "Superior Completo", 0427272728, 27, "PRB"),
    ("Simone Tebet",               "Goiania",         'F', "Superior Completo", 0462626263, 62, "MDB"),
    ("Aecio Neves",                "Sao Luis",        'M', "Superior Completo", 0498989899, 98, "PSDB"),
    ("Antônio Anastasia",          "Cuiaba",          'M', "Superior Completo", 0465656566, 65, "PSDB"),
    ("Zeze Perrella",              "Campo Grande",    'M', "Superior Completo", 0467676768, 67, "MDB"),
    ("Flexa Ribeiro",              "Belo Horizonte",  'M', "Superior Completo", 0431313132, 31, "PSDB"),
    ("Jader Barbalho",             "Belem",           'M', "Superior Completo", 0491919192, 91, "MDB"),
    ("Paulo Rocha",                "Joao Pessoa",     'M', "Superior Completo", 0483838384, 83, "PT"),
    ("Cassio Cunha Lima",          "Curitiba",        'M', "Superior Completo", 0441414142, 41, "PSDB"),
    ("Jose Maranhao",              "Recife",          'M', "Superior Completo", 0481818182, 81, "MDB"),
    ("Raimundo Lir",               "Teresina",        'M', "Superior Completo", 0486868687, 86, "PSD"),
    ("Alvaro Dias",                "Rio de Janeiro",  'M', "Superior Completo", 0421212122, 21, "PODE"),
    ("Gleisi Hoffmann",            "Natal",           'F', "Superior Completo", 0784848484, 84, "PT"),
    ("Sheev Palpatine",            "Naboo",           'M', "Superior Completo", 0356665544, 68, "PRP"),
    ("Roberto Requiao",            "Porto Alegre",    'M', "Superior Completo", 0451515152, 51, "MDB"),
    ("Armando Monteiro",           "Porto Velho",     'M', "Superior Completo", 0469696970, 69, "PTB"),
    ("Fernando Bezerra Coelho",    "Boa Vista",       'M', "Superior Completo", 0495959596, 95, "MDB"),
    ("Humberto Costa",             "Florianopolis",   'M', "Superior Completo", 0448484849, 48, "PT"),
    ("Ciro Nogueira",              "Sao Paulo",       'M', "Superior Completo", 0479797980, 79, "PP"),
    ("Elmano Ferrer",              "Aracaju",         'M', "Superior Completo", 0411111111, 11, "PODE"),
    ("Regina Sousa",               "Palmas",          'F', "Superior Completo", 0463636363, 63, "PT"),
    ("Eduardo Lopes",              "Rio Branco",      'M', "Superior Completo", 0468686870, 68, "PRB"),
    ("Lindberg Farias",            "Maceio",          'M', "Superior Completo", 0482828284, 82, "PT"),
    ("Romario",                    "Macapa",          'M', "Superior Completo", 0496969698, 96, "PODE"),
    ("Fatima Bezerra",             "Manaus",          'M', "Superior Completo", 0492929294, 92, "PT"),
    ("Garibaldi Alves Filh",       "Salvador",        'M', "Superior Completo", 0471717173, 71, "MDB"),
    ("Jose Agripino",              "Fortaleza",       'M', "Superior Completo", 0485858587, 85, "DEM"),
    ("Ana Amelia",                 "Brasilia",        'F', "Superior Completo", 0461616163, 61, "PP"),
    ("Lasier Martins",             "Vitoria",         'M', "Superior Completo", 0427272729, 27, "PSD"),
    ("Paulo Paim",                 "Goiania",         'M', "Superior Completo", 0462626260, 62, "PT"),
    ("Acir Gurgacz",               "Sao Luis",        'M', "Superior Completo", 0498989900, 98, "PDT"),
    ("Ivo Cassol",                 "Cuiaba",          'M', "Superior Completo", 0465656567, 65, "PP"),
    ("Valdir R",                   "Campo Grande",    'M', "Superior Completo", 0467676769, 67, "PP"),
    ("Ângela Portela",             "Belo Horizonte",  'F', "Superior Completo", 0431313133, 31, "PDT"),
    ("Romero Juca",                "Belem",           'M', "Superior Completo", 0491919193, 91, "MDB"),
    ("Telmario Mota",              "Joao Pessoa",     'M', "Superior Completo", 0483838385, 83, "PTB"),
    ("Dalírio Beber",              "Curitiba",        'M', "Superior Completo", 0441414143, 41, "PSDB"),
    ("Dario Berger",               "Recife",          'M', "Superior Completo", 0481818183, 81, "MDB"),
    ("Paulo Bauer",                "Teresina",        'M', "Superior Completo", 0486868688, 86, "PSDB"),
    ("Airton Sandoval",            "Rio de Janeiro",  'M', "Superior Completo", 0421212123, 21, "MDB"),
    ("Jose Serra",                 "Natal",           'M', "Superior Completo", 0484848485, 84, "PSDB"),
    ("Marta Suplicy",              "Porto Alegre",    'F', "Superior Completo", 0451515153, 51, "MDB"),
    ("Eduardo Amorim",             "Porto Velho",     'M', "Superior Completo", 0469696971, 69, "PSDB"),
    ("Elber Batalh",               "Boa Vista",       'M', "Superior Completo", 0495959597, 95, "PSB"),
    ("Maria do Carmo Alves",       "Florianopolis",   'F', "Superior Completo", 0448484850, 48, "DEM"),
    ("Ataídes Oliveira",           "Sao Paulo",       'M', "Superior Completo", 0479797981, 79, "PSDB"),
    ("Katia Abreu",                "Aracaju",         'F', "Superior Completo", 0411111112, 11, "PDT"),
    ("Vicentinho Alves",           "Palmas",          'M', "Superior Completo", 0463636364, 63, "PR");

INSERT INTO Governador (Nome, LocalNasc, Sexo, Escolaridade, CPF, Estado_Codigo, Partido_Sigla)
VALUES
    ("Tiao Viana",                 "Rio Branco",      'M', "Superior Completo", 0568686868, 68,  "PT"),
    ("Waldez Góes",                "Maceio",          'M', "Superior Completo", 0582828282, 82,  "PDT"),
    ("Renan Filho",                "Macapa",          'M', "Superior Completo", 0596969696, 96,  "MDB"),
    ("Amazonino Mendes",           "Manaus",          'M', "Superior Completo", 0592929292, 92,  "PDT"),
    ("Rui Costa",                  "Salvador",        'M', "Superior Completo", 0571717171, 71,  "PT"),
    ("Camilo Santana",             "Fortaleza",       'M', "Superior Completo", 0585858585, 85,  "PT"),
    ("Rodrigo Sobral Rollemberg",  "Brasilia",        'M', "Superior Completo", 0561616161, 61,  "PSB"),
    ("Paulo Hartung",              "Vitoria",         'M', "Superior Completo", 0527272727, 27,  "MDB"),
    ("Jose Eliton Júnior",         "Goiania",         'M', "Superior Completo", 0562626262, 62,  "PSDB"),
    ("Flavio Dino",                "Sao Luis",        'M', "Superior Completo", 0598989898, 98,  "PCdoB"),
    ("Pedro Taques",               "Cuiaba",          'M', "Superior Completo", 0565656565, 65,  "PDT"),
    ("Reinaldo Azambuja",          "Campo Grande",    'M', "Superior Completo", 0567676767, 67,  "PSDB"),
    ("Fernando Pimentel",          "Belo Horizonte",  'M', "Superior Completo", 0531313131, 31,  "PT"),
    ("Simao Jatene",               "Belem",           'M', "Superior Completo", 0591919191, 91,  "PSDB"),
    ("Ricardo Coutinho",           "Joao Pessoa",     'M', "Superior Completo", 0583838383, 83,  "PSB"),
    ("Cida Borghetti",             "Curitiba",        'M', "Superior Completo", 0541414141, 41,  "PP"),
    ("Paulo Câmara",               "Recife",          'M', "Superior Completo", 0581818181, 81,  "PSB"),
    ("Wellington Dias",            "Teresina",        'M', "Superior Completo", 0586868686, 86,  "PT"),
    ("Luís Fernando Pezao",        "Rio de Janeiro",  'M', "Superior Completo", 0521212121, 21,  "MDB"),
    ("Robinson Faria",             "Natal",           'M', "Superior Completo", 0584848484, 84,  "PSD"),
    ("Jose Ivo Sartori",           "Porto Alegre",    'M', "Superior Completo", 0551515151, 51,  "MDB"),
    ("Daniel Pereira",             "Porto Velho",     'M', "Superior Completo", 0569696969, 69,  "PSB"),
    ("Suely Campos",               "Boa Vista",       'M', "Superior Completo", 0595959595, 95,  "PP"),
    ("Marcio França",              "Florianopolis",   'M', "Superior Completo", 0548484848, 48,  "PSB"),
    ("Eduardo Pinho Moreira",      "Sao Paulo",       'M', "Superior Completo", 0579797979, 79,  "MDB"),
    ("Belivaldo Chagas",           "Aracaju",         'M', "Superior Completo", 0511111111, 11,  "PSD"),
    ("Mauro Carlesse",             "Palmas",          'M', "Superior Completo", 0563636363, 63,  "PHS");

INSERT INTO Presidente (Nome, LocalNasc, Sexo, Escolaridade, CPF, Partido_Sigla)
VALUES
    ("Romero Juca",                      "Rio Branco",     'M', "Superior Completo", 0768686868, "MDB"),
    ("Gleisi Hoffmann",                  "Maceio",         'F', "Superior Completo", 0782828282, "PT"),
    ("Geraldo Alckmin",                  "Macapa",         'M', "Superior Completo", 0796969696, "PSDB"),
    ("Ciro Nogueira",                    "Manaus",         'M', "Superior Completo", 0792929292, "PP"),
    ("Carlos Lupi",                      "Salvador",       'M', "Superior Completo", 0771717171, "PDT"),
    ("Roberto Jefferson",                "Fortaleza",      'M', "Superior Completo", 0785858585, "PTB"),
    ("ACM Neto",                         "Brasilia",       'M', "Superior Completo", 0761616161, "DEM"),
    ("Valdemar Costa",                   "Vitoria",        'M', "Superior Completo", 0727272727, "PR"),
    ("Carlos Siqueira",                  "Goiania",        'M', "Superior Completo", 0762626262, "PSB"),
    ("Davi Zaia",                        "Sao Luis",       'M', "Superior Completo", 0798989898, "PPS"),
    ("Everaldo Dias Pereira",            "Cuiaba",         'M', "Superior Completo", 0765656565, "PSC"),
    ("Luciana Santos",                   "Campo Grande",   'M', "Superior Completo", 0767676767, "PCdoB"),
    ("Marcos Pereira",                   "Belo Horizonte", 'M', "Superior Completo", 0731313131, "PRB"),
    ("Jose Luiz de França Penna",        "Belem",          'M', "Superior Completo", 0791919191, "PV"),
    ("Guilherme Campos Júnior",          "Joao Pessoa",    'M', "Superior Completo", 0783838383, "PSD"),
    ("Ovasco Resende",                   "Curitiba",       'M', "Superior Completo", 0741414141, "PRP"),
    ("Gustavo Bebbiano",                 "Recife",         'M', "Superior Completo", 0781818181, "PSL"),
    ("Antonio C B Massarollo",           "Teresina",       'M', "Superior Completo", 0786868686, "PMN"),
    ("Marcelo Aro",                      "Rio de Janeiro", 'M', "Superior Completo", 0721212121, "PHS"),
    ("Daniel Tourinho",                  "Natal",          'M', "Superior Completo", 0784848484, "PTC"),
    ("Paulo Pereira da Silva",           "Porto Alegre",   'M', "Superior Completo", 0751515151, "SD"),
    ("Jose Maria Eymael",                "Porto Velho",    'M', "Superior Completo", 0769696969, "SD"),
    ("Juliano Medeiros",                 "Boa Vista",      'M', "Superior Completo", 0795959595, "PSOL"),
    ("Levy Fidelix",                     "Florianopolis",  'M', "Superior Completo", 0748484848, "PRTB"),
    ("Euripedes de M Junior",            "Sao Paulo",      'M', "Superior Completo", 0779797979, "PROS"),
    ("Adilson Barroso",                  "Aracaju",        'M', "Superior Completo", 0711111111, "PATRI"),
    ("Sergio R A Torres",                "Palmas",         'M', "Superior Completo", 0763636363, "PPL"),
    ("Sued Haidar",                      "Rio Branco",     'F', "Superior Completo", 0768686869, "PMB"),
    ("Marina Silva",                     "Maceio",         'F', "Superior Completo", 0782828283, "REDE"),
    ("Jose Maria de Almeida",            "Macapa",         'M', "Superior Completo", 0796969697, "PSTU"),
    ("Edmilson Costa",                   "Manaus",         'M', "Superior Completo", 0792929293, "PCB"),
    ("Joao Dionísio Amoedo",             "Salvador",       'M', "Superior Completo", 0771717172, "NOVO"),
    ("Rui Costa Pimenta",                "Fortaleza",      'M', "Superior Completo", 0785858586, "PCO");

INSERT INTO Processos (Numero, Juiz, Forum, Delito) VALUES
  (28069, "Sergio Moro", "13a Vara Criminal de Curitiba", "Atentado ao pudor"),
  (55345, "Foo Bar", "Enesimo Tribunal do Acre", "Embriagues publica"),
  (20280, "Fus Ro Dah", "Tribunal de Justica do DF", "Excesso de velocidade");

INSERT INTO Processos_has_Senador (Processos_Numero, Senador_CPF) VALUES
  (55345, 468686868),
  (28069, 468686868),
  (20280, 471717171);

INSERT INTO Projetos (Numero, Data, Descrição) VALUES
  (1, '1985-01-15', "Projeto de auxilio aos corruptos"),
  (66, '2005-05-15', "Ordem para eliminar todos os jedi"),
  (666, '2016-03-16', "Chamar o Bessias"),
  (665, '2013-11-24', "Acobertar o caso do helicoptero");

INSERT INTO Senador_has_Projetos (Senador_CPF, Projetos_Numero) VALUES
  (0356665544, 66),
  (0498989899, 665);
